samples,1,2,3,4,5,6,8,9,10,12,13,14,15,16,17,18,19,20,21,22,23,25,27,29,30,31,32,33,34,37,38,41,42,43,45,46,47,49,52,53,54,57,58,60,63,64,66,67,68,69,70,71,72,73,74,76,78,81,84,88,90,92
C-MA_1,0.04944644520013945,0.5146756454648099,-0.07303299419206903,-0.49512402497084246,-0.4964755721815972,-0.8083158294503707,-0.4997607769826225,0.7561742795036737,-0.6501709984953292,-0.49697147409742853,-0.6599170819811406,-0.49611457176045787,-0.4974492310816328,-0.4795748374369175,0.6256197520717338,-0.4030379474075573,-0.653658014293257,-0.49672009350466745,-0.49990083641773725,0.007520568428401888,-0.13511631305349056,-0.49050162481387904,-0.7660616688737462,-0.49800792202912536,0.6948335972772354,-0.49984776785399126,-0.49677402966516454,-0.497427679047338,1.6789272923424639,1.562422160919803,-0.4972444634516619,-0.9524922434833522,-0.48497476246252835,-0.7956759181788922,-0.44163822872392955,-0.48738476582439777,-0.4918073434933915,-0.5315764071788277,-0.6110864978764282,-0.7609382001361754,-0.9926773913816412,-0.4941666928291837,-0.11531866641018862,-0.49681939244466305,-0.49285335354921,-0.49546854322006634,-1.2364397960402604,-1.3561777156493273,-0.48985296416422375,-0.7180846511295274,-0.48502609727912027,-0.8010324765647372,-0.4855050117706064,-0.7353198076196032,-0.48413843734364465,-0.48239032413553895,-0.4889481250534859,-0.5010300136120617,-0.488266552558244,-0.40752369214408907,-1.1121936111861683,-0.45921267226988577
C-MA_2,0.4202947842011857,0.5443349199492227,0.45620948061194433,-0.49512402497084246,-0.4964755721815972,-0.8083158294503707,-0.4997607769826225,0.9949661572416759,-0.6501709984953292,-0.49697147409742853,-0.6599170819811406,-0.49611457176045787,-0.4974492310816328,-0.4795748374369175,0.8007631504542482,-0.4030379474075573,-0.653658014293257,-0.49672009350466745,-0.49990083641773725,0.3885154029615877,0.6530621797585378,-0.49050162481387904,-0.7660616688737462,-0.49800792202912536,0.5777268112192743,-0.49984776785399126,-0.49677402966516454,-0.497427679047338,2.2160997635436286,1.9506704792172336,-0.4972444634516619,-1.3455842804764817,-0.48497476246252835,-0.3717484953035347,-0.43493636041187156,-0.48738476582439777,-0.4918073434933915,-0.2864741396437895,-0.6110864978764282,-0.7609382001361754,-0.952706628942567,-0.4941666928291837,0.2871840568716846,-0.49681939244466305,-0.49285335354921,-0.49546854322006634,-0.9002223124127252,-1.125646132803717,-0.48985296416422375,-0.7180846511295274,-0.48502609727912027,-0.5980355094546067,-0.4855050117706064,-0.7353198076196032,-0.48413843734364465,-0.48239032413553895,-0.4889481250534859,-0.5010300136120617,-0.488266552558244,-0.40752369214408907,-1.1121936111861683,-0.45921267226988577
C-MA_3,0.22323884023015006,0.511186319054879,0.6190533190131792,-0.49512402497084246,-0.4964755721815972,-0.8083158294503707,-0.4997607769826225,1.1484752215018201,-0.6501709984953292,-0.49697147409742853,-0.6599170819811406,-0.49611457176045787,-0.4974492310816328,-0.4795748374369175,0.8572610209002205,-0.4030379474075573,-0.653658014293257,-0.49672009350466745,-0.49990083641773725,0.4949385410993491,0.7136912945902322,-0.49050162481387904,-0.7660616688737462,-0.49800792202912536,1.4625336392127575,-0.49984776785399126,-0.49677402966516454,-0.497427679047338,2.0739070505786144,2.047732558791591,-0.4972444634516619,-0.8466597719852019,-0.48497476246252835,-0.3337848454938012,-0.4331491955286561,-0.48738476582439777,-0.4918073434933915,-0.14045576749525604,-0.6110864978764282,-0.7609382001361754,-0.8643502067088238,-0.4941666928291837,0.5247588350039122,-0.49681939244466305,-0.49285335354921,-0.49546854322006634,-0.5682075473305344,-0.8671713277950026,-0.48985296416422375,-0.7180846511295274,-0.48502609727912027,-0.36362234505362273,-0.4855050117706064,-0.7353198076196032,-0.48413843734364465,-0.48239032413553895,-0.4889481250534859,-0.5010300136120617,-0.488266552558244,-0.40752369214408907,-1.1121936111861683,-0.45921267226988577
C-M-EC_1,-0.6963555649680162,-0.9770113947806561,-0.8039797688339756,-0.49512402497084246,-0.4964755721815972,-0.8083158294503707,-0.4997607769826225,0.33260297256364596,-0.6501709984953292,-0.49697147409742853,-0.6599170819811406,-0.49611457176045787,-0.4974492310816328,-0.4795748374369175,-0.7811772220329778,-0.4030379474075573,1.5699007661448277,-0.49672009350466745,-0.49990083641773725,-1.7612319874211926,-1.1484886609546698,-0.49050162481387904,-0.38777131506109186,-0.49800792202912536,-0.9186376772991164,-0.49984776785399126,-0.49677402966516454,-0.497427679047338,-0.4974111755387255,-0.6977376920259539,-0.4972444634516619,-0.24190279199577197,-0.48497476246252835,-1.2360542559718009,-0.5662929793282087,-0.48738476582439777,-0.4918073434933915,-0.6984545467771516,-0.6110864978764282,-0.7609382001361754,1.43039230216182,2.3458033370445586,-1.0440200718361692,-0.49681939244466305,-0.49285335354921,-0.49546854322006634,-0.4169096796981435,0.1387846700767511,-0.48985296416422375,-0.7180846511295274,-0.48502609727912027,-0.7043672541313417,-0.4855050117706064,-0.7353198076196032,-0.48413843734364465,-0.48239032413553895,-0.4889481250534859,-0.5010300136120617,-0.488266552558244,-0.40752369214408907,0.8593539269110989,-0.45921267226988577
C-M-EC_2,-0.6963555649680162,-0.9770113947806561,-0.8039797688339756,-0.49512402497084246,-0.4964755721815972,-0.8083158294503707,-0.4997607769826225,0.32407469121586013,-0.6501709984953292,-0.49697147409742853,-0.6599170819811406,-0.49611457176045787,-0.4974492310816328,-0.4795748374369175,-0.7811772220329778,-0.4030379474075573,1.6723014994544763,-0.49672009350466745,-0.49990083641773725,-1.7612319874211926,-1.1484886609546698,-0.49050162481387904,-0.41905848718093547,-0.49800792202912536,-1.0487563284746286,-0.49984776785399126,-0.49677402966516454,-0.497427679047338,-0.4974111755387255,-0.6977376920259539,-0.4972444634516619,0.6349948289889015,-0.48497476246252835,-1.2537706258830097,-0.5662929793282087,-0.48738476582439777,-0.4918073434933915,-0.8027533840261041,-0.6110864978764282,-0.7609382001361754,1.0517219211600632,1.5241767875213375,-1.2089480169858149,-0.49681939244466305,-0.49285335354921,-0.49546854322006634,-0.7153026964175809,-0.6506113560309446,-0.48985296416422375,-0.7180846511295274,-0.48502609727912027,-0.9460303102148304,-0.4855050117706064,-0.7353198076196032,-0.48413843734364465,-0.48239032413553895,-0.4889481250534859,-0.5010300136120617,-0.488266552558244,-0.40752369214408907,0.16705479139602797,-0.45921267226988577
C-M-EC_3,-0.6963555649680162,-0.9770113947806561,-0.8039797688339756,-0.49512402497084246,-0.4964755721815972,-0.8083158294503707,-0.4997607769826225,0.4718982345774806,-0.6501709984953292,-0.49697147409742853,-0.6599170819811406,-0.49611457176045787,-0.4974492310816328,-0.4795748374369175,-0.7811772220329778,-0.4030379474075573,2.4183639849962018,-0.49672009350466745,-0.49990083641773725,-1.7612319874211926,-1.1484886609546698,-0.49050162481387904,-0.3763941615629669,-0.49800792202912536,-0.16394950048114543,-0.49984776785399126,-0.49677402966516454,-0.497427679047338,-0.4974111755387255,-0.6977376920259539,-0.4972444634516619,0.6047569799894299,-0.48497476246252835,-1.1923960586906073,-0.5662929793282087,-0.48738476582439777,-0.4918073434933915,-0.7245292560893898,-0.6110864978764282,-0.7609382001361754,1.548200865140144,2.0600201893843075,-1.1088131931449585,-0.49681939244466305,-0.49285335354921,-0.49546854322006634,-0.3244498717005714,-0.09873271830963519,-0.48985296416422375,-0.7180846511295274,-0.48502609727912027,-0.7986158460039023,-0.4855050117706064,-0.7353198076196032,-0.48413843734364465,-0.48239032413553895,-0.4889481250534859,-0.5010300136120617,-0.488266552558244,-0.40752369214408907,0.784104020876852,-0.45921267226988577
C-M-T5_1,-0.6963555649680162,-0.6123767849428755,-0.8039797688339756,-0.49512402497084246,-0.4964755721815972,-0.8083158294503707,-0.4997607769826225,-1.5322478821521808,0.11781754791827802,-0.49697147409742853,-0.6599170819811406,-0.49611457176045787,-0.4974492310816328,-0.4795748374369175,-0.7811772220329778,-0.4030379474075573,-0.050225121575684754,-0.49672009350466745,-0.49990083641773725,0.8354925831401856,-1.1484886609546698,-0.49050162481387904,-0.2100032916528896,-0.49800792202912536,0.8379641135702988,-0.49984776785399126,-0.49677402966516454,-0.497427679047338,-0.4974111755387255,-0.6977376920259539,-0.4972444634516619,0.42332988599260096,-0.48497476246252835,-0.41603942008155714,-0.5662929793282087,-0.48738476582439777,-0.4918073434933915,-1.2512383841965995,-0.6110864978764282,-0.7609382001361754,0.8834239740481716,-0.4941666928291837,-0.8162624332961824,-0.49681939244466305,-0.49285335354921,-0.49546854322006634,-0.7741407560523996,0.5928620302271954,-0.48985296416422375,-0.7180846511295274,-0.48502609727912027,-0.7212836680571859,-0.4855050117706064,-0.7353198076196032,-0.48413843734364465,-0.48239032413553895,-0.4889481250534859,-0.3621752200467026,-0.488266552558244,-0.40752369214408907,0.8443039457042495,-0.45921267226988577
C-M-T5_2,-0.6963555649680162,-0.6402913962223229,-0.8039797688339756,-0.49512402497084246,-0.4964755721815972,-0.8083158294503707,-0.4997607769826225,-1.5322478821521808,-0.09864254431412867,-0.49697147409742853,-0.6599170819811406,-0.49611457176045787,-0.4974492310816328,-0.4795748374369175,-0.7811772220329778,-0.4030379474075573,0.08509013315492235,-0.49672009350466745,-0.49990083641773725,0.6013616792371105,-1.1484886609546698,-0.49050162481387904,-0.28395478939070173,-0.49800792202912536,0.3565251042209035,-0.49984776785399126,-0.49677402966516454,-0.497427679047338,-0.4974111755387255,-0.6977376920259539,-0.4972444634516619,-0.04535677349920725,-0.48497476246252835,-0.8209850180520478,-0.5662929793282087,-0.48738476582439777,-0.4918073434933915,-1.2512383841965995,-0.6110864978764282,-0.7609382001361754,0.9633654989263202,-0.4941666928291837,-1.0342029322439286,-0.49681939244466305,-0.49285335354921,-0.49546854322006634,-1.2112234847681953,-0.489937828593095,-0.48985296416422375,-0.7180846511295274,-0.48502609727912027,-1.018529227039877,-0.4855050117706064,-0.7353198076196032,-0.48413843734364465,-0.48239032413553895,-0.4889481250534859,-0.45125188006976313,-0.488266552558244,-0.40752369214408907,0.10685486656863051,-0.45921267226988577
C-M-T5_3,-0.6963555649680162,-0.5844621736634282,-0.8039797688339756,-0.49512402497084246,-0.4964755721815972,-0.8083158294503707,-0.4997607769826225,-1.5322478821521808,0.12967837488991674,-0.49697147409742853,-0.6599170819811406,-0.49611457176045787,-0.4974492310816328,-0.4795748374369175,-0.7811772220329778,-0.4030379474075573,0.18749086646457097,-0.49672009350466745,-0.49990083641773725,1.176046625181022,-1.1484886609546698,-0.49050162481387904,-0.3408405568813265,-0.49800792202912536,1.1112132810388744,-0.49984776785399126,-0.49677402966516454,-0.497427679047338,-0.4974111755387255,-0.6977376920259539,-0.4972444634516619,0.4686866594918082,-0.48497476246252835,-0.6185122190668025,-0.5662929793282087,-0.48738476582439777,-0.4918073434933915,-1.2512383841965995,-0.6110864978764282,-0.7609382001361754,1.3294135338946846,-0.4941666928291837,-0.8928361221156608,-0.49681939244466305,-0.49285335354921,-0.49546854322006634,-0.7909516302337763,0.19467111440295964,-0.48985296416422375,-0.7180846511295274,-0.48502609727912027,-0.9242806351673164,-0.4855050117706064,-0.7353198076196032,-0.48413843734364465,-0.48239032413553895,-0.4889481250534859,-0.36269920039977943,-0.488266552558244,-0.40752369214408907,0.7088541148426052,-0.45921267226988577
C-N-GE-WS_1,2.0131636646337236,1.7970031011144212,1.4166180275465001,-0.49512402497084246,1.9624836296612191,1.3727790299974914,1.99904310793049,-0.7504887586051499,2.0452019308095704,1.8311831793319664,0.15310817521570166,1.5972469139604986,1.6960276933728111,-0.4795748374369175,-0.7811772220329778,-0.4030379474075573,-0.653658014293257,1.6262639126920961,-0.49990083641773725,0.06286060026003781,0.4365296267882003,1.348879468238167,1.7653549844590535,1.7104034679320577,0.00520474604702049,1.9507481678328584,1.8077761964480348,1.677932683738029,-0.4974111755387255,-0.6977376920259539,1.893353918527482,0.181427093996829,2.607523251408174,1.0392338226248936,-0.33172758840617816,-0.48738476582439777,1.7470517225509823,1.2023917620850066,0.2896561347872949,0.6251839672480315,-0.7053086466880861,-0.4941666928291837,0.08298755335307574,1.6900351982305633,1.7480237921915323,1.5606001577058433,0.7136216089994433,0.7954503909097014,-0.48985296416422375,0.3196725318814734,1.8090162547167188,0.6296128154495158,1.2938327277028203,0.9130767196870585,2.410623449719742,1.7645851254971698,1.525636813804506,-0.06088651702752726,1.8446745645953693,-0.40752369214408907,1.092628635617264,-0.45921267226988577
C-N-GE-WS_2,1.8626348185447381,1.6923233088164937,2.064292384824139,-0.49512402497084246,2.321569735327154,1.5142248704286108,1.9143378914927573,-0.7789163630977691,1.4521605822276344,1.7976040256767347,0.41716766045912057,2.238565750626456,2.0289661551203606,-0.4795748374369175,-0.7811772220329778,-0.4030379474075573,-0.653658014293257,2.190454182832058,-0.49990083641773725,1.4101775290840972,0.5924330649268432,2.285922666585436,1.7937978682043658,2.1453935901971395,0.8249522484527476,1.9708762658672474,1.8077761964480348,2.2093725117800567,-0.4974111755387255,-0.6977376920259539,1.761871007518629,2.0864115809635333,1.274887858865666,1.0455610975931826,-0.45816950389367267,-0.48738476582439777,1.6218981101634087,0.8503831863697922,-0.47278349522333685,0.27865342540197974,-0.6522947933478402,-0.4941666928291837,0.03979213914721618,1.9660459718109315,1.664252683939542,2.239668719479538,0.6001482082751501,1.0678968069999681,-0.48985296416422375,0.27953827618491534,1.350207784317551,0.42661584833938526,1.9293104918004726,1.7575184494652083,2.2470064734944204,1.3059513699921088,1.7359950805125695,0.9949338944222784,1.4249720297427741,-0.40752369214408907,0.17457978199945265,-0.45921267226988577
C-N-GE-WS_3,1.6984215319022085,1.674876676766839,1.860737586822595,-0.49512402497084246,1.6736535011907931,1.1210054340300988,2.0837483243682224,-0.7590170399529356,2.205323094926693,2.3348704841604415,0.09056777081594457,2.1175621965385396,2.244396924486422,-0.4795748374369175,-0.7811772220329778,-0.4030379474075573,-0.653658014293257,2.143923026531855,-0.49990083641773725,0.6013616792371105,0.8609334306100617,2.2512173629429446,2.3199912174926443,2.120298006220308,0.6688098670421329,2.0765487805477894,2.345735963085905,2.08182695304997,-0.4974111755387255,-0.6977376920259539,2.311708635373832,1.2246328844785956,1.937286039276501,1.4378521456270954,-0.48855130690833565,-0.48738476582439777,2.532738289206306,0.9859716747934304,-0.0727686567805496,0.8859749935857817,-0.4839968462359485,-0.4941666928291837,0.34019661066978496,2.305751539294462,2.5019637664594456,2.1453536414554137,1.217947834440746,2.814348192193985,-0.48985296416422375,0.3922964231419117,2.661089128315173,1.0984391442514838,2.6029169217439843,1.7517346020009743,1.152031324909574,2.7181473941371888,2.605745606324755,0.09892749066090487,2.5895520363607853,-0.40752369214408907,1.9354275832008285,-0.45921267226988577
C-WI_1,-0.6963555649680162,-0.6455253858372193,-0.3876176820126364,1.5598024838950724,-0.4964755721815972,0.8720607548713285,-0.4997607769826225,1.2707139208200833,-0.6501709984953292,-0.49697147409742853,0.9383376971237631,-0.49611457176045787,-0.4974492310816328,2.547990992940817,1.9730939622081745,2.56934537571359,-0.653658014293257,-0.49672009350466745,1.949035341987074,0.40980003058914,1.3892728598576851,-0.49050162481387904,-0.5157642919149975,-0.49800792202912536,-0.9706851377693213,-0.49984776785399126,-0.49677402966516454,-0.497427679047338,-0.4974111755387255,0.26595009803374,-0.4972444634516619,0.6047569799894299,-0.48497476246252835,1.2037429718004056,1.9625453304216818,1.4310446315695085,-0.4918073434933915,1.1945693492913352,2.353562482071889,1.6897829514761078,-0.8466789222620752,-0.4941666928291837,1.661583599785398,-0.49681939244466305,-0.49285335354921,-0.49546854322006634,1.35243482789176,-0.4130939676445582,2.588443100332959,1.9766439456393694,-0.48502609727912027,1.243436977901577,-0.4855050117706064,1.6129222628593607,-0.48413843734364465,-0.48239032413553895,-0.4889481250534859,3.4550216521179795,-0.488266552558244,3.462137479550525,-1.1121936111861683,3.0557645062267023
C-WI_2,-0.6963555649680162,-0.655993365067012,-0.5264050442864161,2.3041065737205217,-0.4964755721815972,1.3671211963802465,-0.4997607769826225,0.8897840206189844,-0.6501709984953292,-0.49697147409742853,2.70684135487245,-0.49611457176045787,-0.4974492310816328,1.0531303641918106,1.3798663225254646,-0.25915736336082346,-0.653658014293257,-0.49672009350466745,2.057395349881092,-0.5586505264644888,1.3979341619764984,-0.49050162481387904,-0.528563589600388,-0.49800792202912536,-1.8424801006452534,-0.49984776785399126,-0.49677402966516454,-0.497427679047338,-0.4974111755387255,0.17304782186971193,-0.4972444634516619,-1.6933195439704039,-0.48497476246252835,1.1214883972126495,2.011692364710107,2.6235818245440985,-0.4918073434933915,1.2180365876723496,1.7010560080162782,1.6326232744705735,-0.8281661480797671,-0.4941666928291837,1.7793892748922877,-0.49681939244466305,-0.49285335354921,-0.49546854322006634,1.6003952220670672,-0.21749141250282833,1.712438635170197,1.6708591403322606,-0.48502609727912027,1.8959272293269964,-0.4855050117706064,0.7222097533673398,-0.48413843734364465,-0.48239032413553895,-0.4889481250534859,-0.011108383485228725,-0.488266552558244,0.7352356226219766,-1.1121936111861683,0.9836757496212553
C-WI_3,-0.6963555649680162,-0.6647166810918392,-0.6059764653233832,2.077579242034515,-0.4964755721815972,1.0276511793455598,-0.4997607769826225,0.6964763100691731,-0.6501709984953292,-0.49697147409742853,1.6332310793432865,-0.49611457176045787,-0.4974492310816328,2.153776692110383,1.3939907901369577,2.526267356537921,-0.653658014293257,-0.49672009350466745,1.9923793451446814,-0.14572875048997452,0.9821916602734506,-0.49050162481387904,-0.5186085802895287,-0.49800792202912536,-1.59525466341178,-0.49984776785399126,-0.49677402966516454,-0.497427679047338,-0.4974111755387255,0.27981610940150536,-0.4972444634516619,-1.1036814884807096,-0.48497476246252835,1.1910884218638276,2.011692364710107,1.7939907337791663,-0.4918073434933915,1.486606093588402,1.7010560080162782,1.7362251890431044,-0.8803385116844535,-0.4941666928291837,1.504509366309545,-0.49681939244466305,-0.49285335354921,-0.49546854322006634,1.4533000729800205,-0.38515074548145395,1.577353834467528,1.823751542985815,-0.48502609727912027,1.5817652564184612,-0.4855050117706064,-0.13958351880351144,-0.48413843734364465,-0.48239032413553895,-0.4889481250534859,-0.29458175449979196,-0.488266552558244,0.6929112035565668,-1.1121936111861683,1.4711118113906716
