Compound,H-MA1,H-MA2,H-MA3,H-MEC1,H-MEC2,H-MEC3,H-MT51,H-MT52,H-MT53,H-NGE1,H-NGE2,H-NGE3,H-WI1,H-WI2,H-WI3,C-MA1,C-MA2,C-MA3,C-MEC1,C-MEC2,C-MEC3,C-MT51,C-MT52,C-MT53,C-NGE1,C-NGE2,C-NGE3,C-WI1,C-WI2,C-WI3
group,H-MA,H-MA,H-MA,H-MEC,H-MEC,H-MEC,H-MT5,H-MT5,H-MT5,H-NGE,H-NGE,H-NGE,H-WI,H-WI,H-WI,C-MA,C-MA,C-MA,C-MEC,C-MEC,C-MEC,C-MT5,C-MT5,C-MT5,C-NGE,C-NGE,C-NGE,C-WI,C-WI,C-WI
1,0,0,0,0,0,0,0,0,0,0,0,0,0,0,0,5450000,8160000,6720000,0,0,0,0,0,0,19800000,18700000,17500000,0,0,0
2,38500000,37900000,29400000,0,0,0,0,0,0,84300000,81000000,73700000,0,0,0,85500000,87200000,85300000,0,0,0,20900000,19300000,22500000,159000000,153000000,152000000,19000000,18400000,17900000
3,0,0,0,0,0,0,0,0,0,0,0,0,0,0,0,3950000,6810000,7690000,0,0,0,0,0,0,12000000,15500000,14400000,2250000,1500000,1070000
4,0,0,0,0,0,0,0,0,0,0,0,0,0,0,0,0,0,0,0,0,0,0,0,0,0,0,0,12700000,17300000,15900000
5,0,0,0,0,0,0,0,0,0,15500000,16000000,12900000,165000000,179000000,153000000,0,0,0,0,0,0,0,0,0,31500000,36100000,27800000,0,0,0
6,0,0,0,0,0,0,0,0,0,0,0,0,0,0,0,0,0,0,0,0,0,0,0,0,7710000,8210000,6820000,5940000,7690000,6490000
7,0,0,0,0,0,0,0,0,0,1890000,1720000,1760000,0,0,0,0,0,0,0,0,0,0,0,0,0,0,0,0,0,0
8,0,0,0,0,0,0,0,0,0,0,0,0,0,0,0,0,0,0,0,0,0,0,0,0,1180000,1140000,1220000,0,0,0
9,15700000,15300000,11000000,0,0,0,5150000,5850000,5290000,7010000,6780000,6510000,21400000,23100000,22000000,8050000,8890000,9430000,6560000,6530000,7050000,0,0,0,2750000,2650000,2720000,9860000,8520000,7840000
10,0,0,0,6010000,7800000,8180000,5560000,6450000,5040000,4500000,4690000,3930000,0,0,0,0,0,0,0,0,0,2590000,1860000,2630000,9090000,7090000,9630000,0,0,0
11,4500000,2720000,2010000,0,0,0,0,0,0,0,0,0,0,0,0,0,0,0,0,0,0,0,0,0,0,0,0,0,0,0
12,4170000,3270000,20400000,0,0,0,0,0,0,0,0,0,0,0,0,0,0,0,0,0,0,0,0,0,2080000,2050000,2530000,0,0,0
13,0,0,0,0,0,0,0,0,0,0,0,0,0,0,0,0,0,0,0,0,0,0,0,0,2340000,3100000,2160000,4600000,9690000,6600000
14,0,0,0,0,0,0,0,0,0,0,0,0,0,0,0,0,0,0,0,0,0,0,0,0,1730000,2260000,2160000,0,0,0
15,0,0,0,0,0,0,0,0,0,3700000,3640000,4590000,0,0,0,0,0,0,0,0,0,0,0,0,1120000,1290000,1400000,0,0,0
16,0,0,0,0,0,0,0,0,0,0,0,0,0,0,0,0,0,0,0,0,0,0,0,0,0,0,0,1920000,972000,1670000
17,36300000,34500000,8250000,0,0,0,0,0,0,0,0,0,42000000,47400000,47200000,9960000,11200000,11600000,0,0,0,0,0,0,0,0,0,19500000,15300000,15400000
18,0,0,0,0,0,0,0,0,0,0,0,0,0,0,0,0,0,0,0,0,0,0,0,0,0,0,0,1380000,66800,1360000
19,0,0,0,0,0,0,0,0,0,4810000,5160000,5470000,0,0,0,0,0,0,30400000,31800000,42000000,8250000,10100000,11500000,0,0,0,0,0,0
20,0,0,0,0,0,0,0,0,0,8200000,6790000,6670000,0,0,0,0,0,0,0,0,0,0,0,0,3650000,4620000,4540000,0,0,0
21,0,0,0,0,0,0,0,0,0,0,0,0,0,0,0,0,0,0,0,0,0,0,0,0,0,0,0,1130000,1180000,1150000
22,0,0,0,4270000,3300000,3120000,0,0,0,4450000,4410000,5150000,0,0,0,831000,1010000,1060000,0,0,0,1220000,1110000,1380000,857000,1490000,1110000,1020000,565000,759000
23,7570000,6480000,532000,0,0,0,0,0,0,3790000,4790000,4120000,9090000,10300000,10100000,1170000,2080000,2150000,0,0,0,0,0,0,1830000,2010000,2320000,2930000,2940000,2460000
24,0,0,0,7460000,2230000,2600000,0,0,0,0,0,0,0,0,0,0,0,0,0,0,0,0,0,0,0,0,0,0,0,0
25,0,0,0,0,0,0,0,0,0,26200000,27800000,20900000,0,0,0,0,0,0,0,0,0,0,0,0,1060000,1600000,1580000,0,0,0
26,43400000,40400000,12200000,0,0,0,0,0,0,0,0,0,16800000,17600000,17000000,0,0,0,0,0,0,0,0,0,0,0,0,0,0,0
27,7910000,7080000,64600000,15100000,1510000,1750000,7870000,7190000,8550000,24200000,24200000,21400000,9070000,8830000,9430000,0,0,0,2660000,2440000,2740000,3910000,3390000,2990000,17800000,18000000,21700000,1760000,1670000,1740000
28,0,0,0,0,0,0,0,0,0,45000000,52000000,675000000,0,0,0,0,0,0,0,0,0,0,0,0,0,0,0,0,0,0
29,8840000,9860000,3280000,0,0,0,0,0,0,43400000,43000000,43700000,14700000,17200000,17500000,0,0,0,0,0,0,0,0,0,26400000,31600000,31300000,0,0,0
30,149000000,175000000,55000000,117000000,98500000,110000000,92200000,103000000,84900000,48900000,44500000,44700000,30400000,38400000,39800000,31100000,30200000,37000000,18700000,17700000,24500000,32200000,28500000,34300000,25800000,32100000,30900000,18300000,11600000,13500000
31,0,0,0,0,0,0,0,0,0,0,0,0,0,0,0,0,0,0,0,0,0,0,0,0,4870000,4910000,5120000,0,0,0
32,0,0,0,0,0,0,0,0,0,38500000,40700000,42200000,0,0,0,0,0,0,0,0,0,0,0,0,6640000,6640000,8190000,0,0,0
33,62100000,61100000,81200000,0,0,0,0,0,0,67100000,63300000,67400000,0,0,0,0,0,0,0,0,0,0,0,0,3070000,3820000,3640000,0,0,0
34,0,0,0,0,0,0,0,0,0,36600000,38600000,38700000,0,0,0,5510000,6870000,6510000,0,0,0,0,0,0,0,0,0,0,0,0
35,0,0,0,0,0,0,0,0,0,0,0,0,52400000,52200000,54900000,0,0,0,0,0,0,0,0,0,0,0,0,0,0,0
36,0,0,0,0,0,0,0,0,0,40600000,46700000,47900000,0,0,0,0,0,0,0,0,0,0,0,0,0,0,0,0,0,0
37,39300000,35800000,2920000,10500000,6550000,5820000,0,0,0,0,0,0,11900000,12400000,13500000,1630000,1910000,1980000,0,0,0,0,0,0,0,0,0,695000,628000,705000
38,0,0,0,0,0,0,0,0,0,4420000,4440000,3820000,0,0,0,0,0,0,0,0,0,0,0,0,2000000,1890000,2350000,0,0,0
39,0,0,0,0,0,0,0,0,0,6910000,8190000,7200000,0,0,0,0,0,0,0,0,0,0,0,0,0,0,0,0,0,0
40,0,0,0,9060000,17100000,15600000,0,0,0,0,0,0,0,0,0,0,0,0,0,0,0,0,0,0,0,0,0,0,0,0
41,19800000,19300000,1660000,12800000,20100000,18500000,14900000,21100000,10800000,27300000,22900000,25600000,24100000,28800000,29900000,1830000,1570000,1900000,2300000,2880000,2860000,2740000,2430000,2770000,2580000,3840000,3270000,2860000,1340000,1730000
42,0,0,0,0,0,0,0,0,0,0,0,0,0,0,0,0,0,0,0,0,0,0,0,0,7890000,4490000,6180000,0,0,0
43,116000000,128000000,225000000,24100000,37000000,44100000,55700000,46500000,40100000,139000000,114000000,108000000,138000000,173000000,186000000,14200000,20900000,21500000,7240000,6960000,7930000,20200000,13800000,17000000,43200000,43300000,49500000,45800000,44500000,45600000
44,0,0,0,0,0,0,0,0,0,9430000,9750000,8990000,0,0,0,0,0,0,0,0,0,0,0,0,0,0,0,0,0,0
45,72200000,73700000,92000000,0,0,0,0,0,0,41700000,17200000,17900000,615000000,671000000,671000000,2790000,2940000,2980000,0,0,0,0,0,0,5250000,2420000,1740000,56600000,57700000,57700000
46,5180000,5210000,1970000,0,0,0,0,0,0,0,0,0,9400000,13400000,15900000,0,0,0,0,0,0,0,0,0,0,0,0,666000,1080000,792000
47,0,0,0,0,0,0,0,0,0,16700000,15100000,17600000,0,0,0,0,0,0,0,0,0,0,0,0,3220000,3040000,4350000,0,0,0
48,0,0,0,0,0,0,0,0,0,3850000,4440000,5050000,0,0,0,0,0,0,0,0,0,0,0,0,0,0,0,0,0,0
49,42100000,41400000,8360000,22400000,24200000,25100000,10700000,7110000,8870000,30300000,30400000,25900000,56200000,65700000,67400000,2760000,3700000,4260000,2120000,1720000,2020000,0,0,0,9410000,8060000,8580000,9380000,9470000,10500000
50,0,0,0,0,0,0,0,0,0,4160000,4640000,4530000,0,0,0,0,0,0,0,0,0,0,0,0,0,0,0,0,0,0
51,0,0,0,0,0,0,0,0,0,4120000,4010000,5030000,0,0,0,0,0,0,0,0,0,0,0,0,0,0,0,0,0,0
52,4960000,5360000,2020000,0,0,0,0,0,0,894000,854000,390000,29900000,41600000,42300000,0,0,0,0,0,0,0,0,0,1270000,195000,759000,4180000,3260000,3260000
53,6490000,7360000,116000000,0,0,0,0,0,0,20400000,18200000,19800000,76300000,75600000,60800000,0,0,0,0,0,0,0,0,0,3880000,2910000,4610000,6860000,6700000,6990000
54,86000000,68400000,122000000,148000000,352000000,410000000,193000000,248000000,183000000,14400000,24700000,24500000,0,0,0,2810000,3760000,5860000,60400000,51400000,63200000,47400000,49300000,58000000,9640000,10900000,14900000,6280000,6720000,5480000
55,0,0,0,0,0,0,0,0,0,4830000,5030000,4830000,0,0,0,0,0,0,0,0,0,0,0,0,0,0,0,0,0,0
56,4720000,5720000,107000000,0,0,0,0,0,0,0,0,0,0,0,0,0,0,0,0,0,0,0,0,0,0,0,0,0,0,0
57,0,0,0,20100000,21200000,22600000,12400000,15500000,11200000,0,0,0,0,0,0,0,0,0,1590000,1130000,1430000,0,0,0,0,0,0,0,0,0
58,614000000,668000000,1200000000,71800000,61800000,76100000,135000000,134000000,85500000,446000000,314000000,279000000,513000000,699000000,835000000,66500000,87000000,99100000,19200000,10800000,15900000,30800000,19700000,26900000,76600000,74400000,89700000,157000000,163000000,149000000
59,0,0,0,0,0,0,0,0,0,9790000,7650000,5660000,0,0,0,0,0,0,0,0,0,0,0,0,0,0,0,0,0,0
60,0,0,0,0,0,0,0,0,0,0,0,0,0,0,0,0,0,0,0,0,0,0,0,0,1030000,1160000,1320000,0,0,0
61,6890000,6360000,2040000,0,0,0,0,0,0,0,0,0,0,0,0,0,0,0,0,0,0,0,0,0,0,0,0,0,0,0
62,0,0,0,0,0,0,0,0,0,0,0,0,8090000,9770000,10600000,0,0,0,0,0,0,0,0,0,0,0,0,0,0,0
63,0,0,0,0,0,0,15400000,16800000,13400000,13500000,18000000,18900000,0,0,0,0,0,0,0,0,0,0,0,0,1070000,1030000,1430000,0,0,0
64,0,0,0,0,0,0,0,0,0,6960000,7690000,8380000,0,0,0,0,0,0,0,0,0,0,0,0,1090000,1450000,1400000,0,0,0
65,0,0,0,0,0,0,12600000,16100000,6310000,0,0,0,0,0,0,0,0,0,0,0,0,0,0,0,0,0,0,0,0,0
66,31500000,35700000,7140000,41700000,48000000,62300000,30300000,37500000,23100000,61400000,51300000,56700000,62100000,81400000,90400000,1960000,2760000,3550000,3910000,3200000,4130000,3060000,2020000,3020000,6600000,6330000,7800000,8120000,8710000,8360000
67,26200000,29500000,4210000,38700000,41300000,54800000,41900000,51500000,31200000,41200000,46300000,47500000,18600000,25000000,28900000,1330000,1660000,2030000,3470000,2340000,3130000,4120000,2570000,3550000,4410000,4800000,7300000,2680000,2960000,2720000
68,0,0,0,0,0,0,0,0,0,0,0,0,38400000,49700000,54200000,0,0,0,0,0,0,0,0,0,0,0,0,7520000,5380000,5050000
69,20500000,21600000,48800000,10500000,8180000,11100000,20800000,24500000,9830000,65700000,44100000,33900000,131000000,175000000,198000000,0,0,0,0,0,0,0,0,0,5430000,5220000,5810000,14100000,12500000,13300000
70,11400000,12400000,17800000,0,0,0,5460000,5380000,3450000,0,0,0,0,0,0,0,0,0,0,0,0,0,0,0,1400000,1120000,1920000,0,0,0
71,62800000,69600000,113000000,53000000,45800000,58100000,42500000,43300000,24700000,114000000,93300000,92200000,130000000,174000000,201000000,2540000,3380000,4350000,2940000,1940000,2550000,2870000,1640000,2030000,8460000,7620000,10400000,11000000,13700000,12400000
72,2710000,2790000,83500000,0,0,0,0,0,0,10900000,12200000,14800000,0,0,0,0,0,0,0,0,0,0,0,0,1400000,1900000,2430000,0,0,0
73,31500000,36600000,79700000,87700000,53200000,59300000,131000000,162000000,66600000,80300000,120000000,114000000,0,0,0,0,0,0,0,0,0,0,0,0,2850000,4310000,4300000,4060000,2520000,1030000
74,0,0,0,0,0,0,0,0,0,21500000,22000000,20600000,15900000,21700000,25600000,0,0,0,0,0,0,0,0,0,230000,217000,130000,0,0,0
75,7190000,7740000,9150000,0,0,0,0,0,0,0,0,0,0,0,0,0,0,0,0,0,0,0,0,0,0,0,0,0,0,0
76,0,0,0,0,0,0,0,0,0,18900000,18000000,17200000,18000000,24300000,27400000,0,0,0,0,0,0,0,0,0,681000,542000,970000,0,0,0
77,0,0,0,0,0,0,0,0,0,0,0,0,2230000,2980000,3810000,0,0,0,0,0,0,0,0,0,0,0,0,0,0,0
78,4610000,5020000,13100000,16300000,11600000,14300000,32300000,49500000,16000000,15300000,21600000,21500000,0,0,0,0,0,0,0,0,0,0,0,0,996000,1100000,1530000,0,0,0
79,0,0,0,0,0,0,0,0,0,0,0,0,5830000,8630000,3660000,0,0,0,0,0,0,0,0,0,0,0,0,0,0,0
80,8520000,10200000,26200000,0,0,0,0,0,0,0,0,0,0,0,0,0,0,0,0,0,0,0,0,0,0,0,0,0,0,0
81,4270000,3850000,12200000,64600000,30300000,33100000,2650000,295000000,49000000,286000000,107000000,257000000,0,0,0,0,0,0,0,0,0,530000,190000,528000,1680000,5710000,2290000,15100000,1870000,788000
82,2460000,3430000,5320000,0,0,0,0,0,0,0,0,0,0,0,0,0,0,0,0,0,0,0,0,0,0,0,0,0,0,0
83,3290000,3970000,8430000,0,0,0,24400000,24200000,8460000,29300000,36600000,37200000,4650000,6040000,6680000,0,0,0,0,0,0,0,0,0,0,0,0,0,0,0
84,4770000,5470000,15400000,17900000,13100000,17000000,24900000,28100000,18000000,22700000,28900000,33100000,0,0,0,0,0,0,0,0,0,0,0,0,617000,506000,814000,0,0,0
85,4860000,5470000,14200000,17700000,12200000,15100000,24600000,27800000,17900000,23000000,28600000,31800000,0,0,0,0,0,0,0,0,0,0,0,0,0,0,0,0,0,0
86,21800000,31800000,47500000,17300000,23300000,32500000,0,0,0,12600000,6810000,14800000,30500000,44000000,31200000,0,0,0,0,0,0,0,0,0,0,0,0,0,0,0
87,6360000,8190000,16400000,16500000,10100000,11800000,33000000,40700000,17000000,29100000,30600000,34400000,0,0,0,0,0,0,0,0,0,0,0,0,0,0,0,0,0,0
88,3280000,549000,641000,0,0,0,0,0,0,0,0,0,4750000,782000,1700000,0,0,0,0,0,0,0,0,0,0,0,0,1920000,567000,546000
89,0,0,0,0,0,0,10700000,11400000,5150000,9340000,7920000,10000000,0,0,0,0,0,0,0,0,0,0,0,0,0,0,0,0,0,0
90,28700000,29000000,42600000,56100000,50400000,62600000,23500000,22200000,40300000,26800000,22200000,22700000,47300000,62200000,65300000,0,0,0,2620000,1700000,2520000,2600000,1620000,2420000,2930000,1710000,4050000,0,0,0
91,5370000,6210000,12500000,12200000,11300000,15700000,0,0,0,19900000,16000000,15400000,20100000,26200000,31500000,0,0,0,0,0,0,0,0,0,0,0,0,0,0,0
92,0,0,0,0,0,0,0,0,0,0,0,0,0,0,0,0,0,0,0,0,0,0,0,0,0,0,0,1810000,743000,994000
