Compound,H-MA1,H-MA2,H-MA3,H-MEC1,H-MEC2,H-MEC3,H-MT51,H-MT52,H-MT53,H-NGE1,H-NGE2,H-NGE3,H-WI1,H-WI2,H-WI3
group,H-MA,H-MA,H-MA,H-MEC,H-MEC,H-MEC,H-MT5,H-MT5,H-MT5,H-NGE,H-NGE,H-NGE,H-WI,H-WI,H-WI
2-methyl-butanal,38500000,37900000,29400000,0,0,0,0,0,0,84300000,81000000,73700000,0,0,0
Pentanal,0,0,0,0,0,0,0,0,0,15500000,16000000,12900000,165000000,179000000,153000000
"2,3-Pentanedione",0,0,0,0,0,0,0,0,0,1890000,1720000,1760000,0,0,0
Hexanal,15700000,15300000,11000000,0,0,0,5150000,5850000,5290000,7010000,6780000,6510000,21400000,23100000,22000000
Ethylbenzene,0,0,0,6010000,7800000,8180000,5560000,6450000,5040000,4500000,4690000,3930000,0,0,0
"3-Penten-2-one, 4-methyl-",4500000,2720000,2010000,0,0,0,0,0,0,0,0,0,0,0,0
1-Penten-3-ol,4170000,3270000,20400000,0,0,0,0,0,0,0,0,0,0,0,0
"Oxazole, trimethyl-",0,0,0,0,0,0,0,0,0,3700000,3640000,4590000,0,0,0
"2-Hexenal, (E)-",36300000,34500000,8250000,0,0,0,0,0,0,0,0,0,42000000,47400000,47200000
"1,3,5,7-Cyclooctatetraene",0,0,0,0,0,0,0,0,0,4810000,5160000,5470000,0,0,0
"1H-Pyrrole, 1-butyl-",0,0,0,0,0,0,0,0,0,8200000,6790000,6670000,0,0,0
Octanal,0,0,0,4270000,3300000,3120000,0,0,0,4450000,4410000,5150000,0,0,0
"Cyclohexanone, 2,2,6-trimethyl-",7570000,6480000,532000,0,0,0,0,0,0,3790000,4790000,4120000,9090000,10300000,10100000
"2-Heptenal, (Z)-",0,0,0,7460000,2230000,2600000,0,0,0,0,0,0,0,0,0
"Pyrazine, 2,5-dimethyl-",0,0,0,0,0,0,0,0,0,26200000,27800000,20900000,0,0,0
2-Heptanol,43400000,40400000,12200000,0,0,0,0,0,0,0,0,0,16800000,17600000,17000000
"5-Hepten-2-one, 6-methyl-",7910000,7080000,64600000,15100000,1510000,1750000,7870000,7190000,8550000,24200000,24200000,21400000,9070000,8830000,9430000
1-Hexanol,0,0,0,0,0,0,0,0,0,45000000,52000000,675000000,0,0,0
"3-Hexen-1-ol, (Z)-",8840000,9860000,3280000,0,0,0,0,0,0,43400000,43000000,43700000,14700000,17200000,17500000
Nonanal,149000000,175000000,55000000,117000000,98500000,110000000,92200000,103000000,84900000,48900000,44500000,44700000,30400000,38400000,39800000
2-Ethyl-3-Methylpyrazine,0,0,0,0,0,0,0,0,0,38500000,40700000,42200000,0,0,0
Cyclohexanol,62100000,61100000,81200000,0,0,0,0,0,0,67100000,63300000,67400000,0,0,0
"2-Hexen-1-ol, (E)-",0,0,0,0,0,0,0,0,0,36600000,38600000,38700000,0,0,0
Linalool oxide,0,0,0,0,0,0,0,0,0,0,0,0,52400000,52200000,54900000
"2,3-Dimethyl-5-ethylpyrazine",0,0,0,0,0,0,0,0,0,40600000,46700000,47900000,0,0,0
1-Octen-3-ol,39300000,35800000,2920000,10500000,6550000,5820000,0,0,0,0,0,0,11900000,12400000,13500000
Furfural,0,0,0,0,0,0,0,0,0,4420000,4440000,3820000,0,0,0
Menthofuran,0,0,0,0,0,0,0,0,0,6910000,8190000,7200000,0,0,0
"1-Hexanol, 2-ethyl-",0,0,0,9060000,17100000,15600000,0,0,0,0,0,0,0,0,0
Decanal,19800000,19300000,1660000,12800000,20100000,18500000,14900000,21100000,10800000,27300000,22900000,25600000,24100000,28800000,29900000
Benzaldehyde,116000000,128000000,225000000,24100000,37000000,44100000,55700000,46500000,40100000,139000000,114000000,108000000,138000000,173000000,186000000
"2-(3-Methylbutyl)-3,5-dimethylpyrazine",0,0,0,0,0,0,0,0,0,9430000,9750000,8990000,0,0,0
Linalool,72200000,73700000,92000000,0,0,0,0,0,0,41700000,17200000,17900000,615000000,671000000,671000000
"3,5-Octadien-2-one",5180000,5210000,1970000,0,0,0,0,0,0,0,0,0,9400000,13400000,15900000
5-methyl furfural,0,0,0,0,0,0,0,0,0,16700000,15100000,17600000,0,0,0
Hotrienol,0,0,0,0,0,0,0,0,0,3850000,4440000,5050000,0,0,0
beta-Cyclocitral,42100000,41400000,8360000,22400000,24200000,25100000,10700000,7110000,8870000,30300000,30400000,25900000,56200000,65700000,67400000
"5H-5-Methyl-6,7-dihydrocyclopentapyrazine",0,0,0,0,0,0,0,0,0,4160000,4640000,4530000,0,0,0
2-Isoamyl-6-methylpyrazine,0,0,0,0,0,0,0,0,0,4120000,4010000,5030000,0,0,0
Benzeneacetaldehyde,4960000,5360000,2020000,0,0,0,0,0,0,894000,854000,390000,29900000,41600000,42300000
Safranal,6490000,7360000,116000000,0,0,0,0,0,0,20400000,18200000,19800000,76300000,75600000,60800000
Acetophenone,86000000,68400000,122000000,148000000,352000000,410000000,193000000,248000000,183000000,14400000,24700000,24500000,0,0,0
"Pyrazine, 2,5-dimethyl-3-(3-methylbutyl)-",0,0,0,0,0,0,0,0,0,4830000,5030000,4830000,0,0,0
"Benzaldehyde, 2,5-dimethyl-",4720000,5720000,107000000,0,0,0,0,0,0,0,0,0,0,0,0
"Benzenemethanol, alpha-alpha-dimethyl-",0,0,0,20100000,21200000,22600000,12400000,15500000,11200000,0,0,0,0,0,0
Methyl salicylate,614000000,668000000,1200000000,71800000,61800000,76100000,135000000,134000000,85500000,446000000,314000000,279000000,513000000,699000000,835000000
"Benzoic acid, 2-hydroxy-, ethyl ester",0,0,0,0,0,0,0,0,0,9790000,7650000,5660000,0,0,0
Nerol,6890000,6360000,2040000,0,0,0,0,0,0,0,0,0,0,0,0
Phenethyl acetate,0,0,0,0,0,0,0,0,0,0,0,0,8090000,9770000,10600000
beta-Damascenone,0,0,0,0,0,0,15400000,16800000,13400000,13500000,18000000,18900000,0,0,0
"1H-Pyrrole, 1-(2-furanylmethyl)-",0,0,0,0,0,0,0,0,0,6960000,7690000,8380000,0,0,0
"Dodecanoic acid, 1-methylethyl ester",0,0,0,0,0,0,12600000,16100000,6310000,0,0,0,0,0,0
alpha-Ionone,31500000,35700000,7140000,41700000,48000000,62300000,30300000,37500000,23100000,61400000,51300000,56700000,62100000,81400000,90400000
Geranylacetone,26200000,29500000,4210000,38700000,41300000,54800000,41900000,51500000,31200000,41200000,46300000,47500000,18600000,25000000,28900000
Benzene methanol,0,0,0,0,0,0,0,0,0,0,0,0,38400000,49700000,54200000
Benzeneethanol,20500000,21600000,48800000,10500000,8180000,11100000,20800000,24500000,9830000,65700000,44100000,33900000,131000000,175000000,198000000
"Benzeneacetaldehyde, ?-ethylidene-",11400000,12400000,17800000,0,0,0,5460000,5380000,3450000,0,0,0,0,0,0
trans-beta-Ionone,62800000,69600000,113000000,53000000,45800000,58100000,42500000,43300000,24700000,114000000,93300000,92200000,130000000,174000000,201000000
"Ethanone, 1-(1H-pyrrol-2-yl)-",2710000,2790000,83500000,0,0,0,0,0,0,10900000,12200000,14800000,0,0,0
1-Dodecanol,31500000,36600000,79700000,87700000,53200000,59300000,131000000,162000000,66600000,80300000,120000000,114000000,0,0,0
"beta-ionone 5,6-epoxide",0,0,0,0,0,0,0,0,0,21500000,22000000,20600000,15900000,21700000,25600000
6-Methyl-6-(5-methylfuran-2-yl)heptan-2-one,7190000,7740000,9150000,0,0,0,0,0,0,0,0,0,0,0,0
Dehydro-beta-ionone,0,0,0,0,0,0,0,0,0,18900000,18000000,17200000,18000000,24300000,27400000
Gamma-nonalactone,0,0,0,0,0,0,0,0,0,0,0,0,2230000,2980000,3810000
Isopropyl myristate,4610000,5020000,13100000,16300000,11600000,14300000,32300000,49500000,16000000,15300000,21600000,21500000,0,0,0
Octanoic acid,0,0,0,0,0,0,0,0,0,0,0,0,5830000,8630000,3660000
5-Methyl-2-phenyl-2-hexenal,8520000,10200000,26200000,0,0,0,0,0,0,0,0,0,0,0,0
Triacetin,4270000,3850000,12200000,64600000,30300000,33100000,2650000,295000000,49000000,286000000,107000000,257000000,0,0,0
p-Cresol,2460000,3430000,5320000,0,0,0,0,0,0,0,0,0,0,0,0
"2,6-Di-tert-butyl-4-hydroxy-4-methylcyclohexa-2,5-dien-1-one",3290000,3970000,8430000,0,0,0,24400000,24200000,8460000,29300000,36600000,37200000,4650000,6040000,6680000
Hexahydrofarnesyl acetone,4770000,5470000,15400000,17900000,13100000,17000000,24900000,28100000,18000000,22700000,28900000,33100000,0,0,0
"1,8(2H,5H)-Naphthalenedione, hexahydro-8a-methyl-, cis-",4860000,5470000,14200000,17700000,12200000,15100000,24600000,27800000,17900000,23000000,28600000,31800000,0,0,0
Nonanoic acid,21800000,31800000,47500000,17300000,23300000,32500000,0,0,0,12600000,6810000,14800000,30500000,44000000,31200000
1-Tetradecanol,6360000,8190000,16400000,16500000,10100000,11800000,33000000,40700000,17000000,29100000,30600000,34400000,0,0,0
Methyl palmitate,3280000,549000,641000,0,0,0,0,0,0,0,0,0,4750000,782000,1700000
Methyl dihydrojasmonate,0,0,0,0,0,0,10700000,11400000,5150000,9340000,7920000,10000000,0,0,0
"2,4-Di-tert-butylphenol",28700000,29000000,42600000,56100000,50400000,62600000,23500000,22200000,40300000,26800000,22200000,22700000,47300000,62200000,65300000
Dihydroactinidiolide,5370000,6210000,12500000,12200000,11300000,15700000,0,0,0,19900000,16000000,15400000,20100000,26200000,31500000
